Timestamp,Time Taken to complete the survey (minutes),Age Range,Gender,Professional Experience,Locality / Area,Work Mode,Designation,Previous Treatment?,Treatments,Treatments_other,Knowledge Score,Knowledge Total,K1,K2,K3,K4,K5,K6,K7,K8,K9,K10,A1,A2,A3,A4,A5,A6,A7,A8,A9,A10,P1,P2,P3,P4,P5,P6,P7,P8,P9,P10
2026-02-21T04:34:32.742Z,6,20-30 years,Female,0-3 years,Bangalore ,Full time,Manager ,Yes,Cleaning (Scaling),,10,10,1,0,2,0,3,0,2,1,3,2,Agree,Agree,Agree,Agree,Disagree,Strongly Agree,Strongly Agree,Agree,Strongly Agree,Strongly Agree,0,0,0,0,1,0,0,1,1,1
2026-02-21T08:27:03.902Z,6,30-40 years,Male,6-10 years,Bangalore,Hybrid,Design engineer,No,,,0,10,0,0,2,2,3,0,2,1,0,2,Disagree,Disagree,Disagree,Disagree,Disagree,Disagree,Disagree,Agree,Disagree,Disagree,2,0,0,0,1,1,1,0,3,1
2026-02-21T08:31:38.140Z,6,20-30 years,Female,3-6 years,Nagercoil,Full time,Engineer,No,,,0,10,1,0,2,0,3,0,0,1,3,3,Disagree,Agree,Agree,Agree,Agree,Agree,Agree,Agree,Agree,Agree,0,0,0,2,1,0,2,1,3,1
2026-02-21T09:24:39.417Z,4,20-30 years,Female,3-6 years,Bellandur,Full time,Associate consultant ,No,,,0,10,1,3,2,3,3,0,2,2,3,1,Agree,Agree,Agree,Agree,Agree,Agree,Agree,Disagree,Agree,Agree,2,2,0,0,1,2,2,0,0,1
2026-02-21T09:31:41.713Z,11,20-30 years,Female,3-6 years,Bangalore ,Hybrid,Employee ,No,,,0,10,1,0,2,0,3,0,2,1,3,2,Disagree,Disagree,Disagree,Disagree,Disagree,Disagree,Disagree,Disagree,Disagree,Disagree,0,0,0,2,1,0,0,0,1,1
2026-02-21T09:34:26.352Z,4,20-30 years,Female,0-3 years,Bijapur,Work from home (Remote),Pharmacist,No,,,0,10,0,0,2,1,3,0,2,0,3,2,Strongly Disagree,Agree,Agree,Agree,Disagree,Agree,Agree,Agree,Agree,Agree,2,0,1,0,0,0,0,2,1,1
2026-02-21T09:40:16.807Z,5,30-40 years,Female,3-6 years,Trichy ,Full time,Bds,No,,,0,10,1,0,2,0,3,0,3,1,3,2,Disagree,Disagree,Disagree,Disagree,Disagree,Disagree,Disagree,Disagree,Disagree,Disagree,0,3,0,2,1,0,1,0,1,1
2026-02-21T09:58:23.772Z,6,20-30 years,Male,0-3 years,CV Raman Nagar ,Hybrid,Engineer,No,,,0,10,0,3,2,2,0,0,2,2,0,3,Disagree,Agree,Disagree,Agree,Disagree,Agree,Agree,Agree,Disagree,Agree,2,3,2,0,1,0,2,1,3,1
2026-02-21T10:15:17.278Z,7,30-40 years,Male,10-15 years,Bangalore,Hybrid,Software Engineer,No,,,0,10,1,0,3,0,3,0,2,1,3,2,Strongly Agree,Strongly Agree,Strongly Agree,Strongly Agree,Strongly Agree,Strongly Agree,Strongly Agree,Strongly Agree,Strongly Agree,Strongly Agree,0,1,1,2,1,0,2,0,3,1
2026-02-21T11:23:26.974Z,7,20-30 years,Female,3-6 years,Pune,Full time,SDE 2,No,,,0,10,0,0,2,0,3,0,1,1,3,2,Agree,Agree,Disagree,Agree,Disagree,Agree,Agree,Disagree,Agree,Agree,0,3,0,2,1,1,0,0,3,1
2026-02-21T11:41:33.449Z,5,20-30 years,Male,3-6 years,Marathahalli ,Full time,Software Engineer ,No,,,0,10,1,0,2,1,3,0,2,1,3,0,Agree,Agree,Strongly Disagree,Agree,Agree,Agree,Agree,Agree,Strongly Agree,Agree,2,3,0,0,1,0,0,0,3,1
2026-02-21T11:48:08.711Z,8,20-30 years,Female,3-6 years,Bellandur,Full time,Associate,No,,,0,10,1,0,2,0,3,0,2,0,3,2,Disagree,Strongly Agree,Disagree,Strongly Agree,Disagree,Agree,Agree,Disagree,Agree,Disagree,0,3,0,2,1,1,0,0,1,1
2026-02-21T12:24:25.830Z,2,20-30 years,Male,0-3 years,Bengaluru ,Full time,Software engineer ,Yes,"Deep cleaning (Root planing), Cleaning (Scaling)",,0,10,0,0,0,0,0,1,0,1,0,1,Disagree,Disagree,Disagree,Strongly Disagree,Strongly Disagree,Strongly Disagree,Strongly Disagree,Strongly Disagree,Strongly Disagree,Strongly Disagree,0,0,0,0,0,0,0,0,0,0
2026-02-21T12:45:12.066Z,5,20-30 years,Male,0-3 years,Chennai,Full time,Software developer,No,,,0,10,0,3,2,3,3,0,2,2,0,1,Agree,Agree,Agree,Agree,Disagree,Agree,Agree,Strongly Agree,Agree,Agree,2,3,0,0,3,0,0,3,0,1
2026-02-21T15:17:41.030Z,7,20-30 years,Female,0-3 years,Banglore ,Full time,Engineer ,Yes,Cleaning (Scaling),,0,10,1,0,2,1,3,0,2,3,3,2,Disagree,Agree,Disagree,Agree,Agree,Agree,Agree,Agree,Agree,Disagree,2,3,0,0,2,1,2,1,2,2
2026-02-21T18:04:18.797Z,7,20-30 years,Male,3-6 years,Kolkata,Work from home (Remote),Team Lead / RPA Specialist,No,,,0,10,0,2,3,0,3,0,0,1,3,3,Strongly Agree,Strongly Agree,Agree,Agree,Disagree,Agree,Disagree,Disagree,Disagree,Disagree,2,0,2,0,1,1,0,1,3,2
2026-02-22T15:11:13.318Z,7,20-30 years,Male,3-6 years,Hyderabad,Work from home (Remote),Marketing,No,,,0,10,1,0,3,1,3,0,3,1,3,2,Strongly Agree,Strongly Agree,Strongly Agree,Strongly Agree,Strongly Agree,Strongly Agree,Disagree,Disagree,Strongly Agree,Agree,2,0,0,0,1,1,0,1,3,1
2026-02-22T17:20:48.172Z,7,20-30 years,Male,3-6 years,Kovilpatti,Full time,Software Engineer,No,,,0,10,3,3,3,3,3,0,1,3,1,3,Disagree,Disagree,Agree,Disagree,Agree,Disagree,Agree,Disagree,Agree,Disagree,0,1,2,2,2,0,0,0,0,1
2026-02-23T07:08:08.210Z,22,20-30 years,Male,0-3 years,Bangalore ,Hybrid,"Thiruvarur, Tamil Nadu ",Yes,Deep cleaning (Root planing),,0,10,1,0,2,1,3,0,2,0,1,2,Strongly Agree,Disagree,Strongly Agree,Agree,Agree,Agree,Agree,Agree,Agree,Agree,2,3,0,0,1,3,2,3,1,1
2026-02-23T07:18:45.587Z,1,20-30 years,Male,6-10 years,Madurai,Full time,Developer,No,,,0,10,3,3,3,3,3,3,3,3,3,3,Strongly Disagree,Strongly Disagree,Strongly Disagree,Strongly Disagree,Strongly Agree,Strongly Agree,Strongly Agree,Strongly Agree,Strongly Agree,Strongly Agree,3,3,3,3,3,3,3,3,3,3
2026-02-23T07:21:30.691Z,5,30-40 years,Male,10-15 years,Madurai ,Full time,UI DEVELOPER,No,,,0,10,3,2,2,1,3,0,0,3,3,1,Disagree,Disagree,Agree,Agree,Agree,Agree,Agree,Agree,Disagree,Disagree,2,3,2,0,1,0,2,0,0,1
2026-02-23T07:32:43.713Z,16,40-50 years,Male,0-3 years,Madhavaram,Full time,Senior Software Developer,No,,,0,10,1,0,2,1,3,0,2,1,3,0,Agree,Agree,Disagree,Disagree,Disagree,Disagree,Agree,Disagree,Agree,Agree,2,3,0,0,1,1,0,0,3,1
2026-02-23T07:36:18.494Z,5,20-30 years,Male,0-3 years,Nagercoil,Full time,Software Engineer,No,,,0,10,1,0,2,1,3,0,2,1,3,0,Strongly Disagree,Strongly Agree,Agree,Strongly Agree,Agree,Strongly Agree,Strongly Agree,Agree,Agree,Strongly Agree,2,3,0,0,1,0,1,0,1,1
2026-02-23T07:49:54.517Z,5,30-40 years,Male,10-15 years,Madurai,Full time,Software Developer,No,,,0,10,1,0,3,2,3,0,2,3,3,0,Strongly Disagree,Strongly Disagree,Strongly Disagree,Strongly Disagree,Strongly Disagree,Agree,Agree,Agree,Agree,Agree,2,0,0,0,1,0,0,0,0,1
2026-02-23T08:41:37.335Z,4,30-40 years,Male,10-15 years,Madurai,Full time,Member technical staff,No,,,0,10,0,0,3,2,0,2,0,0,0,2,Disagree,Disagree,Disagree,Disagree,Disagree,Disagree,Disagree,Disagree,Disagree,Disagree,0,2,1,2,1,2,0,0,0,1
2026-02-23T08:53:01.607Z,9,20-30 years,Male,3-6 years,Bommanahalli,Full time,SDE-2,Yes,"Cleaning (Scaling), Deep cleaning (Root planing)",,0,10,0,1,2,1,3,0,0,3,3,3,Agree,Agree,Agree,Strongly Agree,Disagree,Agree,Agree,Agree,Agree,Strongly Agree,0,0,1,2,1,0,3,0,3,1
2026-02-23T10:04:06.970Z,7,30-40 years,Male,15+ years,Chikkanayakanahalli,Full time,Web Analytics - Technical Lead,No,,,0,10,0,0,2,0,3,0,2,3,3,2,Agree,Agree,Agree,Agree,Disagree,Agree,Agree,Disagree,Disagree,Agree,0,3,0,2,2,0,0,3,1,1
2026-02-23T10:43:16.222Z,6,30-40 years,Male,10-15 years,JP Nagara ,Full time,Manager,Yes,Deep cleaning (Root planing),,0,10,1,2,2,1,3,0,0,0,3,2,Agree,Agree,Agree,Agree,Disagree,Agree,Agree,Disagree,Agree,Agree,0,3,0,2,2,0,2,0,1,1
2026-02-23T10:52:25.471Z,2,20-30 years,Male,0-3 years,Chennai,Full time,Software Engineer ,No,,,0,10,2,0,3,1,0,0,3,0,1,0,Disagree,Strongly Agree,Strongly Agree,Strongly Agree,Disagree,Agree,Disagree,Agree,Agree,Agree,0,2,1,2,2,0,0,1,0,0
2026-02-23T10:54:11.156Z,4,30-40 years,Male,10-15 years,Jp nagar ,Full time,Software engineer ,Yes,"Cleaning (Scaling), Deep cleaning (Root planing)",,0,10,0,1,2,0,3,0,2,1,1,1,Strongly Disagree,Strongly Disagree,Strongly Disagree,Strongly Disagree,Strongly Disagree,Strongly Disagree,Strongly Disagree,Strongly Disagree,Strongly Disagree,Strongly Disagree,0,3,0,2,1,0,2,0,1,1
2026-02-23T10:55:39.653Z,4,20-30 years,Female,3-6 years,Nagercoil,Full time,Senior developer ,No,,,0,10,1,0,2,0,3,0,2,1,3,2,Strongly Agree,Strongly Agree,Strongly Agree,Strongly Agree,Strongly Disagree,Strongly Agree,Strongly Disagree,Strongly Disagree,Strongly Agree,Strongly Agree,0,0,0,2,1,0,0,3,1,1
2026-02-23T11:04:43.864Z,8,30-40 years,Female,0-3 years,Jp nagar,Full time,Home maker,No,,,0,10,1,0,2,1,3,0,2,3,3,0,Strongly Disagree,Strongly Disagree,Strongly Disagree,Strongly Disagree,Strongly Disagree,Strongly Disagree,Strongly Disagree,Strongly Disagree,Strongly Disagree,Strongly Disagree,0,1,2,2,1,0,2,0,3,1
2026-02-23T12:33:35.686Z,5,20-30 years,Male,0-3 years,Hyderabad ,Full time,Technical Consultant ,No,,,0,10,1,2,0,2,3,0,1,1,3,3,Disagree,Disagree,Disagree,Disagree,Disagree,Disagree,Disagree,Disagree,Agree,Agree,0,1,0,2,1,0,0,0,3,1
2026-02-23T13:18:24.818Z,5,20-30 years,Male,0-3 years,Jp Nagar,Full time,Consultant- 1,No,,,0,10,1,2,2,0,3,0,0,0,3,2,Strongly Agree,Strongly Agree,Strongly Agree,Strongly Agree,Strongly Disagree,Strongly Agree,Disagree,Strongly Disagree,Strongly Agree,Strongly Agree,2,0,0,0,2,1,0,0,1,1
2026-02-23T13:33:23.671Z,7,20-30 years,Male,3-6 years,Bangalore ,Full time,Manager,No,,,0,10,0,2,2,1,3,0,2,1,3,0,Strongly Agree,Agree,Agree,Strongly Agree,Disagree,Agree,Disagree,Strongly Disagree,Agree,Strongly Agree,2,0,1,2,1,0,1,3,1,1
2026-02-23T13:39:26.612Z,8,40-50 years,Male,15+ years,JP Nagar ,Full time,Raosaheb M S ,Yes,Cleaning (Scaling),,0,10,0,1,2,1,3,0,2,0,3,1,Agree,Agree,Agree,Agree,Agree,Agree,Agree,Agree,Agree,Agree,0,0,0,2,0,0,1,0,1,1
2026-02-23T13:45:27.834Z,5,50-60 years,Male,15+ years,Gottigere,Full time,Manager,No,,,0,10,1,1,0,1,3,0,3,1,3,2,Disagree,Disagree,Disagree,Disagree,Disagree,Disagree,Disagree,Agree,Agree,Agree,0,0,0,2,1,0,1,0,0,0
2026-02-23T13:53:26.136Z,9,30-40 years,Male,6-10 years,Bengaluru,Full time,"Manager, Sales Development Representative",No,,,0,10,2,0,2,2,3,0,3,1,3,2,Agree,Agree,Agree,Agree,Agree,Agree,Agree,Disagree,Disagree,Agree,0,3,2,2,1,0,3,0,2,1
2026-02-23T17:35:07.658Z,6,20-30 years,Male,0-3 years,DODDABALLAPURA ,Full time,Trainee ,No,,,0,10,3,3,2,1,3,0,2,0,1,3,Strongly Disagree,Strongly Agree,Strongly Agree,Strongly Disagree,Strongly Agree,Strongly Agree,Strongly Agree,Strongly Agree,Strongly Agree,Strongly Disagree,2,2,2,0,1,3,2,1,3,1
2026-02-24T08:42:38.170Z,5,30-40 years,Female,6-10 years,Horamavu ,Full time,General Dentist ,No,,,0,10,1,0,2,0,3,0,0,1,3,2,Strongly Disagree,Strongly Disagree,Strongly Disagree,Strongly Disagree,Strongly Disagree,Strongly Disagree,Strongly Disagree,Strongly Disagree,Strongly Disagree,Strongly Disagree,0,1,1,2,1,0,3,0,0,1
2026-02-24T08:58:05.131Z,3,30-40 years,Male,10-15 years,Chennai,Full time,Manager,No,,,0,10,3,1,2,0,2,1,2,1,2,3,Strongly Disagree,Strongly Disagree,Strongly Disagree,Strongly Disagree,Strongly Disagree,Strongly Disagree,Strongly Disagree,Strongly Disagree,Strongly Disagree,Strongly Disagree,2,1,2,0,0,2,2,0,3,2
2026-02-24T09:03:56.559Z,11,20-30 years,Female,0-3 years,Chennai,Full time,Audit Inspector,No,,,0,10,0,0,2,0,3,0,2,1,3,1,Strongly Disagree,Agree,Agree,Strongly Disagree,Disagree,Strongly Agree,Agree,Agree,Agree,Strongly Agree,2,0,1,0,0,1,2,1,1,1
2026-02-24T09:05:16.185Z,5,40-50 years,Male,15+ years,Thanjavur ,Full time,Managing Director,Yes,Deep cleaning (Root planing),,0,10,0,0,2,1,2,0,3,0,0,0,Strongly Disagree,Strongly Disagree,Strongly Disagree,Strongly Disagree,Strongly Disagree,Strongly Disagree,Strongly Disagree,Strongly Disagree,Strongly Disagree,Strongly Disagree,2,2,0,0,0,0,1,0,1,1
2026-02-24T09:17:30.834Z,2,30-40 years,Male,10-15 years,Bangalore,Hybrid,Sr ios developer,Yes,Cleaning (Scaling),,0,10,2,0,1,1,1,0,1,1,1,1,Agree,Agree,Agree,Agree,Agree,Agree,Agree,Agree,Agree,Agree,1,1,1,1,1,1,1,1,1,1
2026-02-24T10:27:20.679Z,6,30-40 years,Male,15+ years,Chennai,Full time,Professor,No,,,0,10,3,2,2,3,3,0,3,3,3,2,Agree,Agree,Agree,Agree,Agree,Agree,Agree,Agree,Strongly Disagree,Agree,0,2,1,0,2,0,0,3,2,1
2026-02-24T10:44:44.559Z,5,30-40 years,Female,3-6 years,Ramamurthy Nagar Bangalore ,Full time,Hr practitioner ,No,,,0,10,1,1,2,1,3,0,1,1,3,3,Disagree,Disagree,Disagree,Disagree,Disagree,Disagree,Disagree,Disagree,Disagree,Disagree,2,2,0,0,1,1,2,0,2,1
2026-02-24T10:51:06.791Z,15,20-30 years,Male,3-6 years,Bengaluru,Full time,Lead Software Developer ,No,,,0,10,0,1,0,1,3,0,0,1,1,3,Disagree,Disagree,Agree,Agree,Agree,Agree,Agree,Agree,Agree,Agree,2,1,0,0,2,0,0,3,0,0
2026-02-24T12:18:43.416Z,138,20-30 years,Male,0-3 years,Sivakasi ,Full time,Software engineer ,No,,,0,10,2,0,2,1,3,0,2,1,3,2,Agree,Strongly Agree,Agree,Agree,Agree,Agree,Agree,Disagree,Agree,Agree,0,3,1,2,1,0,0,0,1,1
2026-02-24T14:12:28.982Z,327,20-30 years,Female,3-6 years,"Harlur,Bangalore ",Work from home (Remote),Developer ,No,,,0,10,0,2,2,3,3,0,1,3,0,0,Agree,Agree,Agree,Agree,Agree,Agree,Disagree,Agree,Disagree,Agree,2,1,0,0,2,0,0,0,0,1
2026-02-24T14:27:23.874Z,5,20-30 years,Female,6-10 years,Chennai,Full time,Senior Specialist,No,,,0,10,1,3,2,1,3,0,2,1,3,2,Disagree,Disagree,Agree,Agree,Disagree,Agree,Agree,Disagree,Disagree,Agree,0,0,0,0,1,0,0,0,3,1
2026-02-24T15:37:05.174Z,4,20-30 years,Male,3-6 years,Chennai ,Full time,Automation engineer ,No,,,0,10,2,1,2,1,3,0,3,3,0,1,Disagree,Disagree,Agree,Agree,Agree,Disagree,Agree,Agree,Disagree,Agree,0,0,0,2,1,0,0,0,0,3
2026-02-24T22:05:03.287Z,290,30-40 years,Male,10-15 years,United States of America,Full time,Software Performance Engineer,No,,,0,10,1,2,2,1,3,0,0,1,3,0,Agree,Agree,Disagree,Agree,Disagree,Agree,Agree,Disagree,Agree,Agree,2,0,0,0,3,0,3,1,0,1
2026-02-25T14:17:39.716Z,4,20-30 years,Male,6-10 years,Madiwala,Full time,SaaS Engineer ,No,,,0,10,1,0,2,3,3,2,2,3,3,1,Agree,Agree,Agree,Agree,Agree,Agree,Agree,Disagree,Agree,Agree,0,0,0,2,3,3,2,0,3,1
2026-02-25T16:09:02.206Z,4,20-30 years,Male,0-3 years,Bangalore,Hybrid,Software engineer,No,,,0,10,1,3,2,1,3,0,2,3,3,0,Agree,Agree,Agree,Agree,Disagree,Agree,Agree,Disagree,Disagree,Agree,0,3,0,2,1,1,3,0,3,1
2026-02-25T16:09:54.891Z,5,40-50 years,Male,15+ years,Bengaluru,Work from home (Remote),Senior management,Yes,Cleaning (Scaling),,0,10,0,2,2,1,3,0,1,1,3,3,Strongly Agree,Agree,Disagree,Agree,Disagree,Agree,Agree,Disagree,Agree,Agree,0,1,2,2,1,1,1,0,1,2
2026-02-25T17:58:03.000Z,4,20-30 years,Female,0-3 years,Chromepet ,Hybrid,Post graduate ,No,,,0,10,1,0,2,0,3,0,2,1,3,2,Agree,Agree,Agree,Agree,Agree,Agree,Agree,Disagree,Agree,Agree,0,0,0,2,1,0,0,0,3,1
2026-02-25T18:22:03.902Z,4,40-50 years,Prefer not to say,15+ years,Bangalore ,Hybrid,SVP,No,,,0,10,1,0,2,0,3,0,2,1,3,2,Agree,Agree,Agree,Agree,Disagree,Agree,Agree,Disagree,Agree,Agree,0,0,0,2,1,2,1,1,3,1
2026-02-26T09:13:57.008Z,7,30-40 years,Male,6-10 years,Bangalore,Full time,Software engineer,No,,,0,10,0,1,2,3,2,0,3,1,3,1,Strongly Agree,Strongly Agree,Agree,Strongly Agree,Disagree,Agree,Agree,Disagree,Disagree,Strongly Agree,0,3,0,2,2,0,2,0,1,2
2026-02-26T09:39:24.817Z,8,20-30 years,Female,0-3 years,"RR nagar, Bangalore",Full time,Endosontist,No,,,0,10,1,0,2,0,3,0,2,1,3,2,Strongly Disagree,Agree,Agree,Agree,Disagree,Agree,Agree,Disagree,Agree,Agree,0,3,0,2,1,0,3,0,3,1
2026-02-26T13:51:27.664Z,3,20-30 years,Female,0-3 years,Neyveli,Full time,BDS,Yes,Cleaning (Scaling),,0,10,1,0,2,0,3,0,2,1,3,2,Strongly Agree,Strongly Agree,Strongly Agree,Strongly Agree,Disagree,Disagree,Agree,Disagree,Strongly Agree,Strongly Agree,0,3,0,2,2,0,1,0,1,1
2026-02-26T13:57:42.854Z,4,20-30 years,Female,3-6 years,HSR layout ,Full time,BDS ,Yes,Cleaning (Scaling),,0,10,1,2,2,0,2,0,3,1,3,2,Strongly Disagree,Strongly Disagree,Strongly Agree,Strongly Agree,Strongly Disagree,Strongly Disagree,Strongly Agree,Strongly Disagree,Strongly Agree,Strongly Agree,2,0,0,0,1,0,1,0,1,1
2026-02-26T14:01:13.239Z,9,30-40 years,Male,10-15 years,Chennai ,Work from home (Remote),Tax Analyst ,No,,,0,10,1,0,2,0,3,0,2,1,3,2,Agree,Agree,Agree,Strongly Agree,Disagree,Agree,Agree,Disagree,Agree,Strongly Agree,0,0,0,2,1,0,1,0,3,2
2026-02-26T14:20:56.674Z,6,20-30 years,Male,6-10 years,Whitefield ,Full time,Senior Tech support executive ,No,,,0,10,0,0,2,0,3,0,3,1,3,2,Agree,Strongly Disagree,Agree,Agree,Disagree,Agree,Disagree,Disagree,Agree,Strongly Agree,0,0,2,2,1,1,1,3,0,1
2026-02-26T14:27:18.893Z,6,20-30 years,Male,6-10 years,Koramangala,Work from home (Remote),Software Engineer,No,,,0,10,0,1,2,3,3,0,1,2,3,0,Agree,Agree,Agree,Agree,Disagree,Agree,Disagree,Disagree,Agree,Agree,2,3,1,0,1,1,0,0,3,1
2026-02-26T16:18:29.762Z,5,20-30 years,Male,0-3 years,Chennai,Full time,Developer,Yes,Deep cleaning (Root planing),Implant ,0,10,1,3,2,0,3,0,2,1,1,0,Agree,Agree,Agree,Agree,Agree,Disagree,Agree,Agree,Agree,Agree,0,3,2,2,1,1,0,0,1,1
2026-02-26T16:23:51.619Z,3,20-30 years,Male,3-6 years,Hsr layout,Full time,Lead Engineer ,No,,,0,10,1,1,2,1,2,0,3,1,3,2,Disagree,Agree,Agree,Agree,Disagree,Agree,Agree,Disagree,Agree,Agree,0,0,0,2,0,0,2,0,1,1
2026-02-26T16:26:45.717Z,5,20-30 years,Male,3-6 years,Chennai ,Full time,Ai - mostion graphics designer ,No,,,0,10,3,3,1,3,0,2,3,2,3,0,Strongly Agree,Strongly Disagree,Strongly Agree,Strongly Disagree,Strongly Agree,Strongly Agree,Strongly Agree,Strongly Agree,Strongly Agree,Strongly Agree,2,3,2,0,2,0,3,0,2,1
2026-02-26T16:35:27.576Z,6,30-40 years,Female,6-10 years,Guduvancheri ,Hybrid,MTS ,No,,,0,10,0,2,2,1,3,0,1,2,3,2,Agree,Agree,Disagree,Agree,Disagree,Agree,Agree,Disagree,Disagree,Agree,0,3,1,0,1,1,0,0,2,1
2026-02-26T17:37:35.340Z,2,20-30 years,Male,0-3 years,Bengaluru,Full time,Consultant,No,,,0,10,0,2,1,0,3,1,2,3,1,2,Agree,Agree,Disagree,Agree,Agree,Disagree,Agree,Agree,Disagree,Agree,0,0,0,2,1,0,0,1,0,1
2026-02-26T17:40:54.894Z,8,20-30 years,Female,6-10 years,Whitefield ,Work from home (Remote),Sr. SDR,No,,,0,10,1,0,2,1,3,0,1,0,0,2,Strongly Agree,Strongly Agree,Agree,Strongly Agree,Disagree,Disagree,Agree,Disagree,Agree,Strongly Agree,0,2,0,2,1,0,0,0,3,1
2026-02-26T17:55:18.016Z,8,30-40 years,Female,6-10 years,Shanti Nagar ,Full time,Sr ML Engineer ,No,,,0,10,1,0,2,0,3,0,0,1,3,2,Strongly Agree,Strongly Agree,Agree,Strongly Agree,Strongly Disagree,Strongly Agree,Strongly Agree,Strongly Disagree,Agree,Strongly Agree,0,1,0,2,2,1,3,1,1,2
2026-02-26T19:08:29.036Z,4,30-40 years,Male,6-10 years,Yeshwantpur ,Full time,Assistant manager ,No,,,0,10,2,3,2,1,3,0,0,3,3,0,Strongly Disagree,Disagree,Disagree,Disagree,Disagree,Disagree,Disagree,Disagree,Disagree,Disagree,2,0,1,0,1,0,1,0,3,0
2026-02-26T21:12:31.209Z,7,20-30 years,Female,6-10 years,Bangalore ,Full time,Software engineer,Yes,Cleaning (Scaling),,0,10,1,1,2,0,3,0,2,3,3,2,Strongly Agree,Strongly Agree,Agree,Strongly Agree,Strongly Disagree,Strongly Agree,Agree,Strongly Agree,Agree,Strongly Agree,0,0,0,2,1,0,3,0,1,1
2026-02-27T01:31:42.838Z,608,30-40 years,Male,15+ years,Hyderabad ,Full time,Project manager ,Yes,Deep cleaning (Root planing),,0,10,3,3,3,2,3,0,1,3,3,0,Disagree,Disagree,Agree,Agree,Agree,Disagree,Disagree,Agree,Agree,Agree,0,0,0,2,1,0,2,0,3,1
2026-02-27T01:41:14.808Z,6,20-30 years,Male,3-6 years,Nagercoil,Hybrid,Research Analyst,No,,,0,10,1,0,2,1,3,0,2,1,1,3,Disagree,Disagree,Disagree,Disagree,Disagree,Disagree,Disagree,Disagree,Disagree,Disagree,1,1,1,1,1,1,1,1,1,1
2026-02-27T02:00:58.136Z,42,20-30 years,Female,3-6 years,Tenkasi ,Full time,General dentist,No,,,0,10,1,0,2,0,3,0,2,1,3,2,Agree,Agree,Agree,Agree,Disagree,Agree,Agree,Agree,Agree,Agree,0,3,0,2,1,1,0,0,1,1
2026-02-27T03:13:29.737Z,6,20-30 years,Male,3-6 years,Banglore ,Full time,Senior executive ,No,,,0,10,1,3,2,2,3,2,3,3,3,2,Disagree,Disagree,Agree,Strongly Disagree,Strongly Agree,Strongly Agree,Disagree,Disagree,Disagree,Strongly Agree,0,0,2,2,1,0,0,0,1,1
2026-02-27T06:28:37.626Z,4,30-40 years,Male,10-15 years,HSR Layout,Full time,Senior software engineer ,No,,,0,10,0,2,1,0,3,0,3,0,1,2,Agree,Agree,Agree,Agree,Agree,Agree,Agree,Agree,Agree,Agree,1,2,1,3,3,1,3,1,3,1
2026-02-27T06:29:36.617Z,5,30-40 years,Female,6-10 years,Bangalore,Full time,MTS,No,,,0,10,0,0,3,1,3,2,0,0,0,2,Strongly Disagree,Agree,Agree,Agree,Agree,Agree,Agree,Agree,Agree,Agree,0,2,0,3,2,3,0,3,3,3
2026-02-27T06:31:12.884Z,6,20-30 years,Female,0-3 years,Bellandur,Full time,SDE 1,No,,,0,10,0,1,2,2,3,0,1,3,3,3,Agree,Agree,Agree,Agree,Disagree,Agree,Disagree,Disagree,Agree,Agree,2,2,2,0,2,0,2,0,1,1
2026-02-27T06:51:26.078Z,5,30-40 years,Male,6-10 years,Pune,Full time,Senior engineer ,No,,,0,10,0,0,2,1,3,0,2,0,3,2,Disagree,Disagree,Disagree,Disagree,Disagree,Disagree,Disagree,Disagree,Disagree,Disagree,2,2,2,0,1,1,0,1,3,0
2026-02-27T06:55:59.331Z,6,40-50 years,Male,15+ years,Haralur ,Full time,Mgr,No,,,0,10,2,1,1,1,1,1,1,1,1,3,Strongly Disagree,Strongly Agree,Disagree,Disagree,Disagree,Disagree,Disagree,Agree,Agree,Agree,2,2,2,0,1,1,0,1,1,0
2026-02-27T06:56:06.329Z,11,30-40 years,Male,10-15 years,Whitefield,Full time,Staff Software Engineer,No,,,0,10,1,0,2,0,3,0,2,1,0,3,Agree,Agree,Disagree,Agree,Disagree,Agree,Agree,Agree,Agree,Agree,0,0,0,2,1,1,2,0,2,1
2026-02-27T07:51:52.710Z,541,20-30 years,Male,0-3 years,Chennai ,Full time,Software Engineer ,Yes,Deep cleaning (Root planing),,0,10,2,3,3,2,3,0,1,1,3,2,Strongly Agree,Strongly Agree,Disagree,Strongly Agree,Agree,Agree,Agree,Disagree,Disagree,Agree,2,3,2,0,1,1,2,3,1,1
2026-02-27T08:09:20.395Z,7,20-30 years,Female,0-3 years,Erode,Full time,Internship,No,,,0,10,0,0,0,1,2,0,2,3,3,3,Agree,Agree,Agree,Agree,Agree,Agree,Agree,Disagree,Agree,Disagree,2,3,2,0,1,2,0,0,0,1
2026-02-27T08:26:17.632Z,5,20-30 years,Male,0-3 years,Whitefield,Full time,Data Analyst ,Yes,,Got a tooth cap because it was half broken,0,10,1,1,2,2,3,1,0,0,1,0,Disagree,Agree,Disagree,Disagree,Agree,Disagree,Disagree,Disagree,Agree,Disagree,0,0,0,2,1,1,2,3,1,1
2026-02-27T10:00:44.994Z,4,20-30 years,Male,0-3 years,Jp nagar 2nd phase,Hybrid,B,No,,,0,10,1,0,2,1,3,0,2,1,3,2,Agree,Agree,Agree,Agree,Disagree,Agree,Agree,Strongly Agree,Strongly Agree,Strongly Agree,2,2,0,0,1,0,0,0,1,1
2026-02-27T10:22:12.322Z,5,30-40 years,Male,6-10 years,Indiranagar,Full time,TEAM LEAD,Yes,"Deep cleaning (Root planing), Cleaning (Scaling)",,0,10,1,2,2,2,3,0,3,1,3,1,Strongly Disagree,Disagree,Disagree,Disagree,Disagree,Disagree,Disagree,Disagree,Disagree,Strongly Disagree,0,0,0,0,1,0,2,1,1,1
2026-02-27T12:02:53.183Z,6,20-30 years,Male,3-6 years,HAL ,Full time,BDS ,Yes,Cleaning (Scaling),,0,10,1,0,2,1,3,0,2,1,3,2,Agree,Agree,Agree,Strongly Agree,Strongly Disagree,Strongly Agree,Agree,Strongly Disagree,Agree,Strongly Agree,0,3,0,2,1,0,0,1,2,1
2026-02-28T02:08:25.379Z,5,20-30 years,Male,6-10 years,Guduvanchery,Full time,Manager ,No,,,0,10,1,1,2,1,3,0,3,2,3,0,Strongly Disagree,Strongly Disagree,Strongly Agree,Strongly Agree,Strongly Agree,Strongly Agree,Strongly Disagree,Strongly Agree,Strongly Disagree,Strongly Disagree,2,2,2,0,2,0,2,3,0,1
2026-02-28T04:06:56.625Z,8,20-30 years,Female,0-3 years,Coimbatore ,Full time,Doctor ,No,,,0,10,1,0,2,0,3,0,2,0,3,2,Disagree,Agree,Agree,Agree,Strongly Agree,Agree,Agree,Disagree,Agree,Agree,0,0,0,2,1,1,0,0,1,1
2026-03-01T04:48:26.007Z,7,20-30 years,Male,3-6 years,Chennai,Full time,Product Expert,No,,,0,10,1,1,2,0,3,0,2,1,3,2,Strongly Agree,Agree,Agree,Agree,Disagree,Agree,Disagree,Strongly Disagree,Agree,Agree,0,3,2,2,1,1,0,0,3,1
2026-03-02T05:02:44.392Z,6,30-40 years,Male,10-15 years,Ulsoor,Full time,Business Analyst,No,,,0,10,1,0,2,0,3,0,2,1,3,2,Disagree,Disagree,Disagree,Disagree,Disagree,Disagree,Disagree,Disagree,Disagree,Disagree,2,0,2,0,1,0,2,1,3,1
2026-03-02T05:08:21.854Z,13,20-30 years,Female,0-3 years,Bangalore,Hybrid,HR,No,,,0,10,1,0,2,0,3,0,3,1,3,2,Strongly Agree,Strongly Agree,Strongly Agree,Strongly Agree,Strongly Disagree,Strongly Agree,Agree,Disagree,Strongly Agree,Strongly Agree,2,0,2,0,0,0,1,0,1,1
2026-03-02T06:41:38.462Z,4,30-40 years,Male,10-15 years,Kengeri,Full time,Software Engineer,Yes,Cleaning (Scaling),,0,10,2,1,2,1,3,0,2,1,3,0,Agree,Agree,Agree,Agree,Disagree,Agree,Agree,Disagree,Agree,Agree,0,3,2,2,1,0,2,0,3,2
2026-03-02T14:50:46.407Z,6,30-40 years,Female,10-15 years,Hosur,Hybrid,Test Engineer,Yes,"Cleaning (Scaling), Deep cleaning (Root planing)",Root canal,0,10,0,0,2,0,3,0,3,1,3,2,Strongly Agree,Strongly Agree,Agree,Strongly Agree,Disagree,Strongly Agree,Agree,Disagree,Agree,Strongly Agree,2,3,0,0,1,1,2,2,1,1
2026-03-03T07:40:43.194Z,3,20-30 years,Male,6-10 years,Hebbal,Hybrid,Senior Specialist ,No,,,0,10,1,1,1,2,1,0,1,2,1,0,Agree,Strongly Disagree,Agree,Strongly Disagree,Disagree,Strongly Disagree,Agree,Strongly Agree,Agree,Strongly Disagree,0,3,0,2,1,0,2,0,1,1
2026-03-03T13:50:36.948Z,3,20-30 years,Male,3-6 years,Salem ,Full time,Pursuing MDS,No,,,0,10,1,0,2,0,3,0,2,1,3,2,Disagree,Agree,Disagree,Agree,Disagree,Agree,Agree,Disagree,Agree,Agree,0,0,0,2,1,0,0,0,1,1
2026-03-04T07:20:44.591Z,9,20-30 years,Female,0-3 years,Marthandam ,Full time,Advocate ,No,,,0,10,0,0,2,0,3,0,2,1,3,2,Disagree,Disagree,Disagree,Disagree,Disagree,Disagree,Disagree,Disagree,Disagree,Disagree,0,3,1,2,3,0,0,0,1,1
2026-03-05T13:52:46.132Z,4,50-60 years,Male,15+ years,Yelahanka ,Work from home (Remote),Sr mgr,No,,,0,10,2,1,2,3,3,0,3,1,3,2,Agree,Agree,Agree,Agree,Disagree,Agree,Agree,Disagree,Agree,Agree,2,3,2,0,1,2,0,0,3,1
2026-03-06T18:49:07.555Z,2,20-30 years,Male,3-6 years,Bangalore ,Full time,DBA,No,,,0,10,2,1,2,3,3,2,2,2,1,2,Disagree,Disagree,Agree,Agree,Agree,Agree,Agree,Agree,Agree,Agree,1,2,1,0,0,1,2,3,0,3
2026-03-07T02:19:40.715Z,4,30-40 years,Male,10-15 years,JP Nagara ,Full time,Manager,Yes,Deep cleaning (Root planing),,0,10,1,2,2,1,3,0,0,0,3,2,Agree,Agree,Agree,Agree,Disagree,Agree,Agree,Disagree,Agree,Agree,0,3,0,2,2,0,1,0,1,1
2026-03-07T02:57:25.158Z,2,30-40 years,Male,15+ years,Chennai,Full time,Professor,No,,,0,10,3,2,2,3,3,0,3,3,3,2,Agree,Agree,Agree,Agree,Agree,Agree,Agree,Agree,Strongly Disagree,Agree,0,2,1,0,2,0,0,3,2,1
2026-03-07T04:04:34.576Z,22,20-30 years,Female,0-3 years,"RR nagar, Bangalore",Full time,Endosontist,No,,,0,10,1,0,2,0,3,0,2,1,3,2,Strongly Disagree,Agree,Agree,Agree,Disagree,Agree,Disagree,Disagree,Agree,Agree,0,3,0,2,1,0,3,0,3,1
2026-03-07T04:32:27.837Z,5,30-40 years,Male,10-15 years,Kengeri,Full time,Software Engineer,Yes,Cleaning (Scaling),,0,10,1,1,2,1,3,0,2,1,3,0,Agree,Agree,Agree,Agree,Disagree,Agree,Agree,Disagree,Agree,Agree,0,3,2,2,1,0,2,0,3,2
2026-03-07T05:22:46.850Z,8,20-30 years,Male,3-6 years,Kovilpatti,Full time,Software Engineer,No,,,0,10,3,3,3,0,3,0,1,3,1,3,Disagree,Disagree,Agree,Disagree,Disagree,Disagree,Agree,Disagree,Agree,Disagree,0,1,2,2,2,0,0,0,0,1
2026-03-07T06:30:17.047Z,6,40-50 years,Male,15+ years,Bengaluru,Work from home (Remote),Senior management,Yes,Cleaning (Scaling),,0,10,0,2,2,0,3,0,1,1,3,3,Strongly Agree,Agree,Strongly Agree,Agree,Disagree,Agree,Agree,Disagree,Agree,Agree,0,1,0,2,1,1,1,0,1,2
2026-03-07T07:15:04.124Z,4,30-40 years,Female,6-10 years,Guduvancheri ,Hybrid,MTS ,No,,,0,10,0,2,2,1,3,0,1,1,3,2,Agree,Agree,Agree,Agree,Disagree,Agree,Agree,Disagree,Disagree,Agree,0,3,1,0,1,1,0,0,0,1
2026-03-07T07:56:38.298Z,6,30-40 years,Male,6-10 years,Pune,Full time,Senior engineer ,No,,,0,10,0,0,3,1,3,0,2,0,3,2,Disagree,Disagree,Disagree,Disagree,Disagree,Disagree,Disagree,Disagree,Disagree,Disagree,2,2,2,0,1,0,0,1,3,0
2026-03-07T09:10:48.130Z,7,30-40 years,Female,10-15 years,Hosur,Hybrid,Test Engineer,Yes,"Cleaning (Scaling), Deep cleaning (Root planing)",Root canal,0,10,0,0,2,0,3,0,1,1,3,2,Strongly Agree,Strongly Agree,Agree,Strongly Disagree,Disagree,Strongly Agree,Agree,Disagree,Agree,Strongly Agree,2,3,0,0,1,1,2,2,1,1
2026-03-07T09:39:08.276Z,7,40-50 years,Prefer not to say,15+ years,Bangalore ,Hybrid,SVP,No,,,0,10,1,0,2,1,3,0,2,1,3,2,Agree,Agree,Agree,Agree,Disagree,Agree,Agree,Disagree,Agree,Agree,0,0,0,2,1,2,1,1,3,1
2026-03-07T10:43:58.044Z,7,20-30 years,Male,0-3 years,Bengaluru,Full time,Consultant,No,,,0,10,0,1,1,0,3,1,2,3,1,2,Agree,Agree,Disagree,Agree,Agree,Disagree,Agree,Agree,Agree,Agree,0,0,2,2,1,0,0,1,0,1
2026-03-07T11:37:10.397Z,5,30-40 years,Male,6-10 years,Yeshwantpur ,Full time,Assistant manager ,No,,,0,10,2,3,2,1,3,0,0,3,3,0,Strongly Disagree,Disagree,Disagree,Disagree,Disagree,Disagree,Disagree,Agree,Disagree,Disagree,2,0,1,0,1,0,1,0,3,1
2026-03-07T12:17:41.249Z,57,20-30 years,Male,0-3 years,DODDABALLAPURA ,Full time,Trainee ,No,,,0,10,3,3,2,1,3,0,2,0,1,3,Strongly Disagree,Strongly Agree,Strongly Agree,Strongly Disagree,Strongly Agree,Strongly Agree,Strongly Agree,Strongly Agree,Strongly Agree,Strongly Disagree,2,2,2,0,1,0,2,1,3,1
2026-03-07T13:32:23.209Z,5,30-40 years,Male,15+ years,Hyderabad ,Full time,Project manager ,Yes,Deep cleaning (Root planing),,0,10,3,3,3,2,3,0,1,3,3,0,Disagree,Disagree,Disagree,Agree,Agree,Disagree,Disagree,Agree,Agree,Agree,0,0,0,2,1,0,2,0,3,1
2026-03-07T14:13:15.763Z,6,20-30 years,Male,0-3 years,Nagercoil,Full time,Software Engineer,No,,,0,10,1,0,2,1,3,0,2,1,3,2,Strongly Disagree,Strongly Agree,Agree,Strongly Agree,Agree,Strongly Agree,Strongly Agree,Agree,Agree,Strongly Agree,2,3,0,0,1,0,1,3,1,1
2026-03-07T15:25:52.929Z,3,20-30 years,Male,3-6 years,Nagercoil,Hybrid,Research Analyst,No,,,0,10,1,0,2,1,3,0,2,1,1,3,Disagree,Disagree,Disagree,Disagree,Disagree,Disagree,Disagree,Strongly Disagree,Disagree,Disagree,1,1,1,1,1,1,1,1,1,1
2026-03-07T15:55:16.053Z,5,30-40 years,Male,10-15 years,Jp nagar ,Full time,Software engineer ,Yes,"Cleaning (Scaling), Deep cleaning (Root planing)",,0,10,0,1,2,0,3,0,2,1,1,3,Strongly Disagree,Strongly Disagree,Strongly Disagree,Strongly Disagree,Strongly Disagree,Strongly Disagree,Strongly Disagree,Strongly Disagree,Strongly Disagree,Strongly Disagree,0,3,0,2,1,0,2,0,1,1
2026-03-07T17:07:48.463Z,4,20-30 years,Male,3-6 years,Bangalore ,Full time,Manager,No,,,0,10,0,2,2,1,3,0,2,1,3,0,Strongly Agree,Agree,Agree,Disagree,Disagree,Agree,Disagree,Strongly Disagree,Agree,Strongly Agree,2,1,1,2,1,0,1,3,1,1
2026-03-07T17:48:41.497Z,8,30-40 years,Male,10-15 years,Ulsoor,Full time,Business Analyst,No,,,0,10,1,0,2,0,3,0,2,1,0,2,Disagree,Disagree,Disagree,Disagree,Disagree,Disagree,Disagree,Disagree,Disagree,Disagree,2,0,2,0,1,0,2,1,3,1
2026-03-07T18:57:12.100Z,11,20-30 years,Male,0-3 years,Bengaluru ,Full time,Software engineer ,Yes,"Deep cleaning (Root planing), Cleaning (Scaling)",,0,10,0,0,0,0,0,1,2,1,0,1,Disagree,Disagree,Disagree,Strongly Disagree,Strongly Disagree,Strongly Disagree,Strongly Disagree,Strongly Disagree,Strongly Disagree,Strongly Disagree,0,0,0,0,0,0,0,0,0,0
2026-03-07T20:03:27.988Z,18,20-30 years,Female,6-10 years,Chennai,Full time,Senior Specialist,No,,,0,10,1,0,2,1,3,0,2,1,3,2,Disagree,Disagree,Agree,Agree,Disagree,Agree,Agree,Disagree,Disagree,Agree,0,0,0,0,1,0,0,0,3,1
2026-03-07T21:10:34.768Z,5,20-30 years,Male,0-3 years,Chennai ,Full time,Software Engineer ,Yes,Deep cleaning (Root planing),,0,10,2,3,3,2,3,0,1,1,3,2,Strongly Agree,Strongly Agree,Agree,Strongly Agree,Agree,Agree,Agree,Disagree,Disagree,Agree,2,3,2,0,1,1,2,3,1,1
2026-03-07T22:01:11.761Z,6,20-30 years,Female,0-3 years,Bangalore ,Full time,Manager ,Yes,Cleaning (Scaling),,0,10,1,0,2,0,3,0,2,1,3,2,Agree,Agree,Agree,Agree,Disagree,Strongly Agree,Strongly Agree,Agree,Strongly Agree,Strongly Agree,0,0,0,0,1,0,0,1,1,1
2026-03-07T23:05:38.454Z,11,20-30 years,Male,3-6 years,Chennai ,Full time,Automation engineer ,No,,,0,10,2,1,2,1,3,0,3,0,0,1,Disagree,Disagree,Strongly Agree,Agree,Agree,Disagree,Agree,Agree,Disagree,Agree,0,0,0,2,1,0,0,0,3,3
2026-03-08T00:22:46.238Z,88,30-40 years,Male,6-10 years,Bengaluru,Full time,"Manager, Sales Development Representative",No,,,0,10,2,0,2,2,3,0,3,1,3,2,Agree,Agree,Agree,Agree,Agree,Agree,Agree,Disagree,Agree,Agree,0,3,2,2,1,0,3,0,1,1
2026-03-08T01:25:11.100Z,6,30-40 years,Male,10-15 years,Chennai,Full time,Manager,No,,,0,10,2,1,2,0,2,1,2,1,2,3,Disagree,Strongly Disagree,Strongly Disagree,Strongly Disagree,Strongly Disagree,Strongly Disagree,Strongly Disagree,Strongly Disagree,Strongly Disagree,Strongly Disagree,2,1,2,0,0,2,2,0,0,2
2026-03-08T01:58:00.914Z,27,30-40 years,Female,3-6 years,Ramamurthy Nagar Bangalore ,Full time,Hr practitioner ,No,,,0,10,1,1,2,1,3,0,1,1,3,3,Agree,Disagree,Disagree,Disagree,Disagree,Disagree,Disagree,Disagree,Disagree,Disagree,2,2,2,0,1,1,2,0,2,1
2026-03-08T02:17:40.099Z,7,20-30 years,Male,3-6 years,Bommanahalli,Full time,SDE-2,Yes,"Cleaning (Scaling), Deep cleaning (Root planing)",,0,10,0,1,2,1,3,0,0,3,3,3,Agree,Agree,Agree,Strongly Agree,Disagree,Agree,Agree,Agree,Agree,Strongly Agree,0,0,1,2,1,0,3,0,3,1
2026-03-08T02:58:11.513Z,3,20-30 years,Male,3-6 years,Banglore ,Full time,Senior executive ,No,,,0,10,1,3,2,2,3,0,3,3,3,2,Disagree,Disagree,Agree,Strongly Disagree,Strongly Disagree,Strongly Agree,Disagree,Disagree,Disagree,Strongly Agree,0,0,1,2,1,0,0,0,1,1
2026-03-08T03:44:52.061Z,4,20-30 years,Female,0-3 years,Bellandur,Full time,SDE 1,No,,,0,10,0,1,2,2,3,0,1,3,3,3,Agree,Disagree,Agree,Agree,Disagree,Agree,Disagree,Disagree,Agree,Agree,2,2,2,0,2,0,2,0,1,1
2026-03-08T04:19:22.293Z,4,20-30 years,Female,0-3 years,Coimbatore ,Full time,Doctor ,No,,,0,10,1,0,2,0,3,0,2,0,3,2,Disagree,Agree,Agree,Agree,Strongly Agree,Agree,Agree,Disagree,Agree,Agree,0,0,0,2,1,1,0,0,1,1
2026-03-08T05:29:02.911Z,7,20-30 years,Female,0-3 years,Chennai,Full time,Audit Inspector,No,,,0,10,0,0,2,0,3,0,2,1,3,1,Agree,Agree,Agree,Strongly Disagree,Disagree,Strongly Agree,Agree,Agree,Agree,Strongly Agree,2,0,1,0,0,1,2,0,1,1
2026-03-08T06:08:27.470Z,2,20-30 years,Female,0-3 years,Banglore ,Full time,Engineer ,Yes,Cleaning (Scaling),,0,10,1,0,2,1,3,0,2,3,3,2,Agree,Agree,Disagree,Agree,Agree,Agree,Agree,Agree,Agree,Disagree,0,3,0,0,2,1,2,1,2,2
2026-03-08T06:36:03.186Z,4,20-30 years,Male,3-6 years,HAL ,Full time,BDS ,Yes,Cleaning (Scaling),,0,10,1,0,2,3,3,0,2,1,3,2,Agree,Agree,Agree,Strongly Agree,Strongly Disagree,Strongly Agree,Agree,Strongly Disagree,Agree,Strongly Agree,0,3,0,2,1,0,0,0,2,1
2026-03-08T07:14:46.011Z,3,50-60 years,Male,15+ years,Yelahanka ,Work from home (Remote),Sr mgr,No,,,0,10,2,1,2,3,3,0,3,1,3,2,Strongly Disagree,Agree,Agree,Agree,Disagree,Agree,Agree,Disagree,Agree,Agree,2,3,2,0,1,2,0,0,3,1
2026-03-08T08:17:00.104Z,8,20-30 years,Male,0-3 years,Chennai,Full time,Software developer,No,,,0,10,0,3,2,3,3,0,2,2,0,1,Agree,Agree,Agree,Agree,Disagree,Agree,Agree,Strongly Agree,Strongly Agree,Agree,2,3,0,3,3,0,0,3,0,1
2026-03-08T08:37:46.863Z,2,20-30 years,Female,0-3 years,Marthandam ,Full time,Advocate ,No,,,0,10,0,0,2,0,3,0,2,1,3,2,Disagree,Disagree,Disagree,Disagree,Disagree,Disagree,Disagree,Disagree,Disagree,Disagree,0,3,1,2,3,0,0,1,1,1
2026-03-08T09:06:16.521Z,41,30-40 years,Female,6-10 years,Shanti Nagar ,Full time,Sr ML Engineer ,No,,,0,10,1,0,2,1,3,0,0,1,3,2,Strongly Agree,Strongly Agree,Agree,Agree,Strongly Disagree,Strongly Agree,Strongly Agree,Strongly Disagree,Agree,Strongly Agree,0,1,0,2,2,1,3,1,1,2
2026-03-08T10:24:45.268Z,34,20-30 years,Male,6-10 years,Madurai,Full time,Developer,No,,,0,10,3,3,3,3,3,3,3,3,3,2,Strongly Disagree,Strongly Disagree,Agree,Strongly Disagree,Strongly Agree,Strongly Agree,Strongly Agree,Strongly Agree,Strongly Agree,Strongly Agree,3,3,3,2,3,3,3,3,3,3
2026-03-08T11:42:50.770Z,2,20-30 years,Female,3-6 years,Tenkasi ,Full time,General dentist,No,,,0,10,1,0,2,0,3,0,2,1,3,2,Agree,Agree,Agree,Agree,Disagree,Agree,Agree,Agree,Agree,Agree,0,3,0,2,1,1,0,0,1,1
2026-03-08T12:35:34.424Z,5,20-30 years,Male,3-6 years,Hsr layout,Full time,Lead Engineer ,No,,,0,10,1,1,2,1,2,0,3,1,3,2,Disagree,Agree,Disagree,Agree,Disagree,Agree,Agree,Disagree,Agree,Agree,0,0,0,2,0,0,2,0,1,1
2026-03-08T13:53:10.838Z,41,20-30 years,Female,0-3 years,Erode,Full time,Internship,No,,,0,10,0,0,0,1,2,0,2,3,3,3,Agree,Agree,Agree,Disagree,Agree,Agree,Agree,Disagree,Agree,Disagree,2,3,2,0,1,2,0,0,0,1
2026-03-08T15:08:58.891Z,7,20-30 years,Male,0-3 years,Jp Nagar,Full time,Consultant- 1,No,,,0,10,1,2,2,0,3,0,0,0,3,2,Strongly Agree,Strongly Agree,Strongly Agree,Strongly Agree,Strongly Disagree,Strongly Agree,Disagree,Strongly Disagree,Strongly Agree,Strongly Agree,2,0,0,0,1,1,0,0,1,1
2026-03-08T15:38:42.962Z,22,20-30 years,Male,0-3 years,Hyderabad ,Full time,Technical Consultant ,No,,,0,10,1,0,0,2,3,0,1,1,3,3,Disagree,Disagree,Disagree,Disagree,Strongly Disagree,Disagree,Disagree,Disagree,Agree,Agree,0,1,0,2,1,0,0,3,3,1
2026-03-08T15:58:11.368Z,7,30-40 years,Male,10-15 years,Whitefield,Full time,Staff Software Engineer,No,,,0,10,1,0,2,0,3,0,2,1,0,3,Agree,Agree,Disagree,Agree,Disagree,Agree,Agree,Agree,Agree,Agree,0,0,0,2,1,1,2,0,2,1
2026-03-08T17:06:48.340Z,4,20-30 years,Male,3-6 years,Chennai ,Full time,Ai - mostion graphics designer ,No,,,0,10,3,3,1,3,0,2,3,2,3,0,Strongly Agree,Strongly Disagree,Strongly Agree,Strongly Disagree,Strongly Agree,Strongly Agree,Strongly Agree,Strongly Agree,Agree,Strongly Agree,2,3,2,0,2,0,3,0,2,1
2026-03-08T18:20:58.633Z,5,20-30 years,Female,3-6 years,HSR layout ,Full time,BDS ,Yes,Cleaning (Scaling),,0,10,1,0,2,0,2,0,3,1,3,2,Strongly Disagree,Strongly Disagree,Strongly Agree,Strongly Agree,Strongly Disagree,Disagree,Strongly Agree,Strongly Disagree,Strongly Agree,Strongly Agree,2,2,0,0,1,0,1,0,1,1
2026-03-08T19:11:21.227Z,18,30-40 years,Male,10-15 years,Bangalore,Hybrid,Software Engineer,No,,,0,10,1,1,3,0,3,0,2,1,3,2,Strongly Agree,Agree,Strongly Agree,Strongly Agree,Strongly Agree,Strongly Agree,Strongly Agree,Strongly Agree,Strongly Agree,Strongly Agree,0,1,1,2,1,0,2,0,3,1
2026-03-08T19:49:30.730Z,3,20-30 years,Male,0-3 years,CV Raman Nagar ,Hybrid,Engineer,No,,,0,10,0,3,2,2,0,0,2,2,3,3,Disagree,Agree,Disagree,Agree,Disagree,Agree,Agree,Disagree,Disagree,Agree,2,3,2,0,1,0,2,3,3,1
2026-03-08T20:54:42.983Z,5,20-30 years,Male,6-10 years,Whitefield ,Full time,Senior Tech support executive ,No,,,0,10,0,0,2,0,3,0,3,1,3,2,Agree,Strongly Disagree,Agree,Agree,Disagree,Agree,Disagree,Disagree,Agree,Strongly Agree,0,0,2,2,1,1,1,0,0,1
2026-03-08T22:15:49.043Z,4,20-30 years,Male,3-6 years,Bommanahalli,Full time,SDE-2,Yes,"Cleaning (Scaling), Deep cleaning (Root planing)",,0,10,0,1,2,1,3,0,0,3,3,3,Agree,Agree,Agree,Strongly Agree,Disagree,Agree,Strongly Disagree,Agree,Agree,Strongly Agree,0,0,1,2,1,0,3,0,3,1
2026-03-08T23:13:42.496Z,3,20-30 years,Female,3-6 years,Tenkasi ,Full time,General dentist,No,,,0,10,1,0,2,0,3,0,2,1,3,2,Agree,Agree,Agree,Agree,Disagree,Agree,Agree,Agree,Agree,Agree,0,3,0,2,1,1,0,0,1,1
2026-03-08T23:44:19.889Z,2,20-30 years,Female,0-3 years,Chromepet ,Hybrid,Post graduate ,No,,,0,10,1,0,2,0,3,0,2,1,3,2,Agree,Agree,Disagree,Agree,Agree,Agree,Agree,Disagree,Agree,Agree,0,0,0,2,1,0,0,0,3,1
2026-03-09T00:04:59.624Z,5,20-30 years,Male,0-3 years,Whitefield,Full time,Data Analyst ,Yes,,Got a tooth cap because it was half broken,0,10,1,1,2,0,3,1,0,0,1,0,Disagree,Agree,Strongly Disagree,Disagree,Agree,Disagree,Disagree,Disagree,Agree,Disagree,0,0,1,2,1,1,2,3,1,1
2026-03-09T01:06:29.868Z,2,20-30 years,Female,3-6 years,Bellandur,Full time,Associate,No,,,0,10,1,0,2,0,3,0,2,0,3,2,Disagree,Strongly Agree,Disagree,Strongly Agree,Disagree,Agree,Strongly Agree,Disagree,Agree,Disagree,0,3,0,2,1,1,0,0,1,1
2026-03-09T02:15:41.560Z,7,20-30 years,Male,3-6 years,Nagercoil,Hybrid,Research Analyst,No,,,0,10,1,0,2,1,3,0,2,1,1,3,Disagree,Disagree,Disagree,Disagree,Disagree,Disagree,Disagree,Disagree,Disagree,Disagree,1,1,1,1,1,1,1,1,1,1
2026-03-09T03:08:21.311Z,4,30-40 years,Female,3-6 years,Trichy ,Full time,Bds,No,,,0,10,1,0,2,0,3,0,3,1,3,2,Disagree,Disagree,Disagree,Disagree,Disagree,Disagree,Strongly Agree,Disagree,Disagree,Disagree,0,3,0,2,1,0,1,0,1,1
2026-03-09T03:49:04.260Z,5,30-40 years,Male,10-15 years,Kengeri,Full time,Software Engineer,Yes,Cleaning (Scaling),,0,10,2,1,2,1,3,0,2,1,3,2,Agree,Agree,Agree,Agree,Disagree,Agree,Agree,Disagree,Agree,Agree,0,3,2,2,1,0,2,0,3,1
2026-03-09T04:26:26.186Z,8,20-30 years,Male,3-6 years,Bangalore ,Full time,Manager,No,,,0,10,0,2,2,1,3,0,2,1,3,0,Strongly Agree,Agree,Agree,Strongly Agree,Disagree,Agree,Disagree,Strongly Disagree,Agree,Strongly Agree,2,0,1,2,1,0,1,3,1,1
2026-03-09T05:24:55.532Z,2,20-30 years,Female,3-6 years,Nagercoil,Full time,Senior developer ,No,,,0,10,1,0,2,0,3,0,2,1,3,2,Strongly Agree,Strongly Agree,Strongly Agree,Strongly Agree,Strongly Disagree,Strongly Agree,Strongly Disagree,Strongly Disagree,Strongly Agree,Strongly Agree,0,0,0,2,1,0,0,3,1,1
2026-03-09T06:15:33.377Z,3,30-40 years,Male,15+ years,Hyderabad ,Full time,Project manager ,Yes,Deep cleaning (Root planing),,0,10,3,1,3,2,3,0,1,3,3,0,Disagree,Disagree,Disagree,Agree,Agree,Disagree,Disagree,Agree,Agree,Agree,0,0,0,2,1,0,2,0,3,1
2026-03-09T07:06:07.025Z,8,40-50 years,Male,15+ years,Bengaluru,Work from home (Remote),Senior management,Yes,Cleaning (Scaling),,0,10,0,2,2,1,3,0,1,1,3,3,Strongly Agree,Agree,Disagree,Agree,Disagree,Agree,Agree,Disagree,Agree,Agree,0,1,2,2,1,1,1,0,1,2
2026-03-09T07:39:38.629Z,4,20-30 years,Male,3-6 years,Hsr layout,Full time,Lead Engineer ,No,,,0,10,1,1,2,1,2,0,3,1,3,2,Disagree,Agree,Disagree,Agree,Strongly Disagree,Agree,Agree,Disagree,Agree,Agree,0,0,0,2,0,0,0,0,1,1
2026-03-09T07:58:10.218Z,9,30-40 years,Male,6-10 years,Indiranagar,Full time,TEAM LEAD,Yes,"Deep cleaning (Root planing), Cleaning (Scaling)",,0,10,1,2,2,2,3,0,3,1,3,1,Strongly Disagree,Disagree,Disagree,Disagree,Disagree,Disagree,Disagree,Disagree,Disagree,Strongly Disagree,0,0,0,0,1,0,2,1,1,1
2026-03-09T08:15:03.833Z,144,20-30 years,Male,0-3 years,Bangalore,Hybrid,Software engineer,No,,,0,10,1,3,2,1,3,0,2,3,3,0,Agree,Agree,Agree,Agree,Disagree,Agree,Agree,Disagree,Disagree,Agree,0,3,1,2,1,1,3,0,3,1
2026-03-09T09:19:47.510Z,4,20-30 years,Male,0-3 years,Chennai,Full time,Software developer,No,,,0,10,1,3,2,3,3,0,2,2,0,1,Agree,Agree,Agree,Agree,Disagree,Agree,Agree,Strongly Agree,Agree,Agree,0,3,0,3,3,0,0,3,0,1
2026-03-09T10:12:43.347Z,4,30-40 years,Female,6-10 years,Guduvancheri ,Hybrid,MTS ,No,,,0,10,0,2,2,1,3,0,1,2,3,2,Agree,Agree,Disagree,Agree,Disagree,Agree,Agree,Disagree,Disagree,Agree,0,3,1,0,1,1,0,1,2,1
2026-03-09T11:04:05.507Z,5,50-60 years,Male,15+ years,Gottigere,Full time,Manager,No,,,0,10,1,0,0,1,3,0,3,1,3,2,Disagree,Disagree,Disagree,Disagree,Disagree,Disagree,Disagree,Agree,Agree,Agree,0,0,0,2,1,0,1,0,0,0
2026-03-09T12:17:19.900Z,6,20-30 years,Male,3-6 years,Bangalore ,Full time,Automation engineer ,No,,,0,10,2,1,2,1,3,0,3,0,0,1,Disagree,Disagree,Strongly Agree,Agree,Agree,Disagree,Agree,Agree,Disagree,Agree,0,0,0,2,1,0,0,0,3,3
2026-03-09T13:28:39.638Z,22,40-50 years,Male,15+ years,Bengaluru,Work from home (Remote),Senior management,Yes,Cleaning (Scaling),,0,10,0,2,2,1,3,0,1,1,3,3,Strongly Agree,Agree,Disagree,Agree,Disagree,Agree,Agree,Disagree,Agree,Agree,0,1,2,2,1,1,1,0,1,2
2026-03-09T13:55:26.970Z,6,20-30 years,Male,0-3 years,Chennai,Full time,Software Engineer ,No,,,0,10,2,0,3,1,0,0,3,3,1,0,Disagree,Strongly Agree,Strongly Agree,Strongly Agree,Disagree,Agree,Disagree,Agree,Disagree,Agree,0,2,1,2,2,0,0,2,0,0
2026-03-09T14:48:47.124Z,5,20-30 years,Female,3-6 years,Tenkasi ,Full time,General dentist,No,,,0,10,1,0,2,0,3,0,2,1,3,2,Agree,Agree,Agree,Agree,Disagree,Agree,Agree,Agree,Agree,Agree,0,3,0,2,1,1,0,0,1,1
2026-03-09T15:56:12.732Z,6,20-30 years,Male,6-10 years,Madurai,Full time,Developer,No,,,0,10,3,3,3,3,3,3,3,0,3,2,Strongly Disagree,Strongly Disagree,Agree,Strongly Disagree,Strongly Agree,Strongly Agree,Strongly Agree,Strongly Agree,Strongly Agree,Strongly Agree,3,3,3,2,3,3,3,3,3,3
2026-03-09T16:35:19.455Z,4,30-40 years,Male,10-15 years,Ulsoor,Full time,Business Analyst,No,,,0,10,1,0,2,0,3,0,2,1,0,2,Disagree,Disagree,Disagree,Disagree,Disagree,Disagree,Disagree,Disagree,Disagree,Agree,2,0,1,0,1,0,2,1,3,1
2026-03-09T17:50:13.439Z,7,20-30 years,Male,0-3 years,Bengaluru,Full time,Consultant,No,,,0,10,0,1,1,0,3,1,2,3,3,2,Agree,Disagree,Disagree,Agree,Agree,Disagree,Agree,Agree,Agree,Agree,0,0,2,2,1,0,3,1,0,1
2026-03-09T18:22:23.227Z,6,20-30 years,Female,0-3 years,Banglore ,Full time,Engineer ,Yes,Cleaning (Scaling),,0,10,1,0,2,1,3,0,2,3,3,2,Disagree,Agree,Disagree,Agree,Agree,Agree,Agree,Agree,Agree,Disagree,2,3,0,0,2,1,2,1,1,2
2026-03-09T18:43:55.091Z,9,20-30 years,Male,0-3 years,DODDABALLAPURA ,Full time,Trainee ,No,,,0,10,3,3,2,1,3,0,2,0,1,3,Strongly Disagree,Strongly Agree,Strongly Agree,Strongly Disagree,Strongly Agree,Strongly Agree,Strongly Agree,Strongly Disagree,Strongly Agree,Strongly Disagree,2,2,2,0,1,3,2,1,3,1
2026-03-09T19:39:19.822Z,144,30-40 years,Male,10-15 years,Nagercoil,Full time,Business Analyst,No,,,0,10,1,0,2,0,3,1,2,1,3,2,Disagree,Disagree,Disagree,Disagree,Disagree,Disagree,Disagree,Disagree,Disagree,Disagree,2,0,2,0,1,0,2,1,3,1
2026-03-09T20:32:06.560Z,4,20-30 years,Male,3-6 years,Chennai,Full time,Product Expert,No,,,0,10,1,1,2,0,3,0,2,1,3,2,Strongly Agree,Agree,Agree,Agree,Disagree,Agree,Strongly Disagree,Strongly Disagree,Agree,Agree,0,3,2,2,1,1,0,0,1,1
2026-03-09T20:50:47.337Z,6,30-40 years,Female,6-10 years,Shanti Nagar ,Full time,Sr ML Engineer ,No,,,0,10,1,0,2,0,3,0,0,1,3,2,Strongly Agree,Strongly Agree,Agree,Strongly Agree,Strongly Disagree,Strongly Agree,Strongly Agree,Strongly Disagree,Agree,Strongly Agree,0,1,0,2,2,1,3,1,1,2
2026-03-09T21:50:57.042Z,233,20-30 years,Female,0-3 years,Bellandur,Full time,SDE 1,No,,,0,10,0,0,2,2,3,0,1,3,3,3,Agree,Agree,Agree,Agree,Disagree,Agree,Agree,Disagree,Agree,Agree,2,2,0,0,2,0,2,0,1,1
2026-03-09T22:55:02.997Z,7,20-30 years,Female,3-6 years,Bellandur,Full time,Associate consultant ,No,,,0,10,1,3,2,3,3,0,2,2,3,2,Agree,Agree,Agree,Agree,Strongly Agree,Agree,Agree,Disagree,Agree,Agree,2,2,0,0,1,2,2,0,0,1
2026-03-09T23:28:13.751Z,7,20-30 years,Male,0-3 years,Hyderabad ,Full time,Technical Consultant ,No,,,0,10,1,2,0,2,3,0,1,1,3,3,Disagree,Disagree,Disagree,Disagree,Disagree,Disagree,Disagree,Disagree,Agree,Agree,0,1,0,2,1,0,0,0,3,1
2026-03-10T00:30:43.211Z,11,20-30 years,Female,3-6 years,HSR layout ,Full time,BDS ,Yes,Cleaning (Scaling),,0,10,1,2,2,0,2,0,3,1,3,2,Strongly Disagree,Strongly Disagree,Strongly Agree,Strongly Disagree,Strongly Disagree,Strongly Disagree,Strongly Agree,Strongly Disagree,Strongly Agree,Strongly Agree,2,0,0,0,1,0,1,0,1,1
2026-03-10T01:16:12.635Z,6,50-60 years,Male,15+ years,Yelahanka ,Work from home (Remote),Sr mgr,No,,,0,10,2,1,2,3,3,0,3,1,3,2,Agree,Agree,Agree,Agree,Disagree,Agree,Agree,Disagree,Agree,Agree,2,3,2,0,1,2,0,0,3,1
2026-03-10T01:53:28.401Z,9,30-40 years,Male,6-10 years,Bangalore,Full time,Software engineer,No,,,0,10,0,1,2,3,2,0,3,1,3,1,Strongly Agree,Strongly Agree,Agree,Strongly Agree,Disagree,Agree,Agree,Disagree,Disagree,Agree,0,3,0,2,1,0,2,0,1,2
2026-03-10T02:50:19.710Z,2,20-30 years,Male,0-3 years,Bangalore,Hybrid,Software engineer,No,,,0,10,0,3,2,1,3,0,2,3,3,0,Agree,Agree,Agree,Agree,Disagree,Agree,Agree,Disagree,Disagree,Agree,0,3,0,0,1,1,3,0,3,1
2026-03-10T04:01:55.544Z,6,20-30 years,Female,0-3 years,Banglore ,Full time,Engineer ,Yes,Cleaning (Scaling),,0,10,1,0,2,1,3,0,2,3,3,2,Disagree,Agree,Disagree,Agree,Agree,Agree,Agree,Agree,Agree,Disagree,2,3,0,0,2,1,1,1,2,2
2026-03-10T05:10:39.542Z,4,20-30 years,Female,0-3 years,Bangalore,Hybrid,HR,No,,,0,10,1,0,2,0,3,0,3,0,3,2,Strongly Agree,Strongly Agree,Strongly Agree,Strongly Agree,Strongly Disagree,Strongly Agree,Agree,Disagree,Strongly Agree,Strongly Agree,2,0,2,0,0,0,1,0,1,1
2026-03-10T05:58:13.844Z,11,20-30 years,Male,3-6 years,HAL ,Full time,BDS ,Yes,Cleaning (Scaling),,0,10,1,0,2,1,3,0,2,1,3,2,Agree,Agree,Agree,Strongly Agree,Strongly Disagree,Strongly Agree,Agree,Strongly Disagree,Agree,Strongly Agree,0,3,0,2,1,0,0,1,2,1
2026-03-10T06:17:04.288Z,34,20-30 years,Male,3-6 years,Salem ,Full time,Pursuing MDS,No,,,0,10,1,0,2,0,3,0,2,1,3,2,Disagree,Disagree,Disagree,Agree,Disagree,Agree,Agree,Disagree,Agree,Agree,0,0,0,2,1,0,0,0,1,1
2026-03-10T06:41:25.951Z,5,30-40 years,Female,10-15 years,Hosur,Hybrid,Test Engineer,Yes,"Cleaning (Scaling), Deep cleaning (Root planing)",Root canal,0,10,0,0,2,0,3,0,1,1,3,2,Strongly Agree,Strongly Agree,Agree,Strongly Disagree,Strongly Agree,Strongly Agree,Agree,Disagree,Agree,Strongly Agree,2,3,0,0,1,1,2,2,1,1
2026-03-10T07:23:33.411Z,6,30-40 years,Male,10-15 years,Whitefield,Full time,Staff Software Engineer,No,,,0,10,1,0,2,0,3,0,2,2,0,3,Agree,Agree,Disagree,Agree,Disagree,Agree,Agree,Agree,Agree,Agree,0,0,0,2,1,1,2,0,2,1
2026-03-10T07:54:28.800Z,5,20-30 years,Male,0-3 years,Nagercoil,Full time,Software Engineer,No,,,0,10,0,0,2,1,3,0,2,1,3,0,Strongly Disagree,Strongly Agree,Agree,Strongly Agree,Agree,Strongly Agree,Strongly Agree,Strongly Agree,Agree,Strongly Agree,2,3,0,0,1,0,1,0,1,1
2026-03-10T08:35:34.648Z,6,20-30 years,Male,0-3 years,Bengaluru ,Full time,Software engineer ,Yes,"Deep cleaning (Root planing), Cleaning (Scaling)",,0,10,0,0,0,0,0,1,2,1,0,1,Disagree,Disagree,Disagree,Strongly Disagree,Strongly Disagree,Strongly Disagree,Strongly Disagree,Strongly Disagree,Strongly Disagree,Strongly Disagree,0,0,0,0,0,0,0,0,0,0
2026-03-10T09:02:59.500Z,6,30-40 years,Male,6-10 years,Bangalore,Hybrid,Design engineer,No,,,0,10,0,0,2,2,3,0,2,1,0,2,Disagree,Disagree,Disagree,Disagree,Disagree,Disagree,Disagree,Agree,Disagree,Disagree,2,0,0,0,1,1,0,0,3,1
2026-03-10T10:09:49.942Z,4,40-50 years,Male,0-3 years,Madhavaram,Full time,Senior Software Developer,No,,,0,10,1,0,2,0,3,0,2,1,3,0,Agree,Agree,Disagree,Disagree,Disagree,Disagree,Agree,Disagree,Agree,Agree,2,3,0,0,1,1,0,0,3,1
2026-03-10T11:12:20.153Z,7,20-30 years,Male,3-6 years,Chennai ,Full time,Ai - mostion graphics designer ,No,,,0,10,3,3,1,3,0,2,3,2,3,0,Strongly Agree,Strongly Disagree,Strongly Agree,Strongly Disagree,Strongly Agree,Strongly Agree,Strongly Agree,Strongly Agree,Agree,Strongly Agree,2,3,2,0,2,0,3,0,2,1
2026-03-10T12:04:02.629Z,7,30-40 years,Female,3-6 years,Nagercoil,Full time,Hr practitioner ,No,,,0,10,1,1,2,1,3,0,2,1,3,3,Disagree,Disagree,Disagree,Disagree,Disagree,Disagree,Disagree,Disagree,Disagree,Disagree,2,2,0,0,1,1,2,1,2,1
2026-03-10T12:51:51.138Z,6,30-40 years,Male,10-15 years,Ulsoor,Full time,Business Analyst,No,,,0,10,1,0,2,0,3,0,2,1,0,3,Disagree,Disagree,Disagree,Disagree,Disagree,Disagree,Disagree,Disagree,Disagree,Disagree,2,2,2,0,1,0,2,1,3,1
2026-03-10T13:47:00.805Z,8,30-40 years,Male,10-15 years,Madurai ,Full time,UI DEVELOPER,No,,,0,10,3,2,2,1,3,0,0,3,3,0,Disagree,Disagree,Agree,Agree,Agree,Agree,Agree,Agree,Disagree,Disagree,2,3,2,0,1,0,2,0,0,1
2026-03-10T14:30:36.652Z,5,20-30 years,Female,6-10 years,Chennai,Full time,Senior Specialist,No,,,0,10,1,0,2,1,3,0,2,1,3,2,Disagree,Disagree,Agree,Agree,Disagree,Agree,Agree,Disagree,Disagree,Agree,0,0,0,0,1,0,0,0,3,1
2026-03-10T14:52:13.741Z,5,30-40 years,Male,10-15 years,Bangalore,Hybrid,Software Engineer,No,,,0,10,1,1,3,0,3,0,2,1,3,2,Strongly Agree,Agree,Strongly Agree,Strongly Agree,Agree,Strongly Agree,Strongly Agree,Strongly Agree,Strongly Agree,Strongly Agree,0,1,1,2,1,0,2,0,3,1
2026-03-10T15:55:45.785Z,8,30-40 years,Male,10-15 years,Ulsoor,Full time,Business Analyst,No,,,0,10,1,0,2,0,3,0,2,1,3,2,Disagree,Disagree,Agree,Disagree,Disagree,Disagree,Disagree,Disagree,Disagree,Disagree,2,0,2,0,1,0,2,1,3,1
2026-03-10T16:20:53.995Z,2,20-30 years,Female,0-3 years,"RR nagar, Bangalore",Full time,Endosontist,No,,,0,10,1,0,2,0,3,0,2,1,3,2,Strongly Disagree,Agree,Agree,Agree,Disagree,Agree,Disagree,Disagree,Agree,Agree,0,3,0,0,1,0,3,0,3,1
2026-03-10T17:21:12.347Z,7,30-40 years,Male,10-15 years,Kengeri,Full time,Software Engineer,Yes,Cleaning (Scaling),,0,10,1,1,2,1,3,0,2,1,3,0,Agree,Agree,Agree,Agree,Disagree,Agree,Agree,Disagree,Agree,Agree,0,3,2,2,1,1,2,0,3,2
2026-03-10T18:09:34.632Z,5,20-30 years,Male,0-3 years,Nagercoil,Full time,Software Engineer,No,,,0,10,1,0,2,1,3,0,2,1,3,0,Strongly Disagree,Agree,Agree,Strongly Agree,Agree,Strongly Agree,Strongly Agree,Agree,Agree,Strongly Agree,2,3,0,0,1,0,1,0,1,1
2026-03-10T18:55:22.330Z,3,20-30 years,Male,6-10 years,Madurai,Full time,Developer,No,,,0,10,3,3,3,3,3,3,3,1,3,3,Strongly Disagree,Strongly Disagree,Strongly Disagree,Strongly Disagree,Strongly Disagree,Strongly Agree,Strongly Agree,Strongly Agree,Strongly Agree,Strongly Agree,3,3,3,3,3,3,3,3,3,3
2026-03-10T19:26:53.405Z,6,20-30 years,Male,0-3 years,CV Raman Nagar ,Hybrid,Engineer,No,,,0,10,0,3,2,2,0,0,2,2,3,3,Disagree,Agree,Strongly Agree,Agree,Disagree,Agree,Agree,Agree,Disagree,Agree,2,3,2,0,1,0,2,1,3,1
2026-03-10T20:09:23.459Z,5,20-30 years,Male,0-3 years,CV Raman Nagar ,Hybrid,Engineer,No,,,0,10,3,3,2,2,0,0,2,2,0,3,Disagree,Agree,Strongly Agree,Agree,Disagree,Agree,Agree,Agree,Disagree,Agree,2,3,0,0,1,0,2,1,3,1
2026-03-10T21:23:12.897Z,8,20-30 years,Female,0-3 years,Bangalore,Hybrid,HR,No,,,0,10,1,0,2,0,3,0,3,1,3,2,Strongly Agree,Strongly Agree,Strongly Agree,Strongly Agree,Strongly Disagree,Strongly Agree,Agree,Disagree,Agree,Strongly Agree,2,0,2,0,0,0,1,0,1,1
2026-03-10T22:22:20.436Z,6,20-30 years,Female,0-3 years,Marthandam ,Full time,Advocate ,No,,,0,10,0,0,2,0,3,0,0,1,3,2,Disagree,Disagree,Disagree,Disagree,Disagree,Disagree,Disagree,Disagree,Disagree,Disagree,0,3,1,2,3,0,0,0,1,1
2026-03-10T22:39:34.135Z,5,30-40 years,Female,6-10 years,Bangalore,Full time,MTS,No,,,0,10,0,0,3,1,3,2,0,0,0,2,Strongly Disagree,Agree,Agree,Agree,Strongly Agree,Agree,Agree,Agree,Agree,Agree,0,2,0,3,2,3,0,3,3,1
2026-03-10T23:09:10.815Z,6,20-30 years,Male,0-3 years,Bengaluru,Full time,Consultant,No,,,0,10,0,1,1,0,3,1,2,3,1,2,Agree,Agree,Disagree,Agree,Agree,Disagree,Agree,Agree,Agree,Agree,0,0,2,2,1,0,0,1,0,1
2026-03-10T23:32:53.711Z,7,20-30 years,Female,3-6 years,"Harlur,Bangalore ",Work from home (Remote),Developer ,No,,,0,10,0,0,2,3,3,0,1,3,0,0,Agree,Agree,Agree,Agree,Agree,Agree,Disagree,Agree,Agree,Agree,2,1,0,2,2,0,0,0,0,1
2026-03-10T23:47:16.036Z,7,30-40 years,Female,3-6 years,Bangalore,Full time,Hr practitioner ,No,,,0,10,1,1,2,1,3,0,1,1,3,3,Disagree,Disagree,Disagree,Disagree,Disagree,Disagree,Disagree,Disagree,Strongly Disagree,Disagree,2,2,0,0,1,1,2,0,2,1
2026-03-11T00:25:57.012Z,18,30-40 years,Male,10-15 years,Chennai ,Work from home (Remote),Tax Analyst ,No,,,0,10,1,0,2,0,3,0,2,0,3,2,Agree,Agree,Agree,Strongly Agree,Disagree,Agree,Agree,Disagree,Strongly Disagree,Strongly Agree,0,0,0,2,1,0,1,0,3,2
2026-03-11T01:00:21.482Z,5,20-30 years,Male,6-10 years,Madiwala,Full time,SaaS Engineer ,No,,,0,10,1,0,2,3,3,2,2,3,3,1,Agree,Agree,Agree,Agree,Agree,Agree,Agree,Disagree,Agree,Agree,0,0,0,2,3,0,2,0,3,1
2026-03-11T01:31:50.952Z,2,20-30 years,Male,0-3 years,Chennai,Full time,Trainee ,No,,,0,10,3,3,2,2,3,0,2,0,1,3,Strongly Disagree,Strongly Agree,Strongly Agree,Strongly Disagree,Strongly Agree,Strongly Agree,Strongly Agree,Agree,Strongly Agree,Strongly Disagree,2,2,2,0,1,3,3,1,3,1
2026-03-11T02:05:30.019Z,3,20-30 years,Male,3-6 years,Salem ,Full time,Pursuing MDS,No,,,0,10,1,0,2,0,3,0,2,1,3,2,Disagree,Strongly Agree,Disagree,Agree,Disagree,Agree,Agree,Disagree,Agree,Agree,0,0,0,2,1,0,0,0,0,1
2026-03-11T02:43:11.351Z,11,30-40 years,Male,6-10 years,Pune,Full time,Hr practitioner ,No,,,0,10,0,0,2,1,3,0,2,0,3,2,Disagree,Disagree,Disagree,Disagree,Disagree,Disagree,Disagree,Disagree,Disagree,Disagree,2,2,2,0,1,1,0,1,3,0
2026-03-11T03:27:34.335Z,5,20-30 years,Female,0-3 years,Bijapur,Work from home (Remote),Pharmacist,No,,,0,10,0,0,2,1,3,0,2,0,3,2,Strongly Disagree,Agree,Agree,Agree,Disagree,Agree,Agree,Agree,Agree,Agree,2,0,1,0,0,0,0,2,1,1
2026-03-11T03:42:46.652Z,7,20-30 years,Female,0-3 years,"RR nagar, Bangalore",Full time,Endodontist,No,,,0,10,1,0,2,0,3,0,2,1,3,2,Strongly Disagree,Agree,Agree,Agree,Disagree,Agree,Disagree,Disagree,Agree,Agree,0,3,0,2,1,0,3,0,3,1
2026-03-11T04:52:06.697Z,4,30-40 years,Male,10-15 years,Bangalore,Hybrid,Software Engineer,No,,,0,10,1,0,3,0,3,0,2,1,3,2,Strongly Agree,Strongly Agree,Strongly Agree,Strongly Agree,Strongly Agree,Strongly Agree,Strongly Agree,Strongly Agree,Strongly Agree,Disagree,0,1,1,2,1,0,2,0,3,1
2026-03-11T05:15:18.402Z,3,30-40 years,Male,6-10 years,Bangalore,Hybrid,Design engineer,No,,,0,10,0,0,2,0,3,0,2,1,0,2,Disagree,Disagree,Disagree,Agree,Disagree,Disagree,Disagree,Agree,Disagree,Disagree,2,0,0,0,1,1,1,0,3,1
2026-03-11T06:22:29.351Z,7,20-30 years,Female,0-3 years,Erode,Full time,Internship,No,,,0,10,0,0,0,1,2,0,2,1,3,3,Agree,Agree,Agree,Disagree,Agree,Agree,Agree,Disagree,Agree,Disagree,2,3,2,2,1,2,0,0,0,1
2026-03-11T06:51:51.877Z,7,30-40 years,Male,10-15 years,Bangalore,Hybrid,Software Engineer,No,,,0,10,1,0,3,0,3,0,2,1,3,2,Strongly Agree,Strongly Agree,Strongly Agree,Strongly Agree,Strongly Agree,Strongly Agree,Strongly Agree,Disagree,Strongly Agree,Strongly Agree,0,1,1,2,1,0,0,0,3,1
2026-03-11T07:43:17.435Z,15,20-30 years,Male,3-6 years,Nagercoil,Hybrid,Hr practitioner ,No,,,0,10,1,0,2,0,3,0,2,1,1,3,Disagree,Agree,Disagree,Disagree,Disagree,Disagree,Disagree,Disagree,Disagree,Disagree,1,1,1,1,1,1,1,1,1,1
2026-03-11T08:51:41.154Z,6,20-30 years,Male,0-3 years,Hyderabad ,Full time,Technical Consultant ,No,,,0,10,1,0,0,2,3,0,1,1,3,3,Disagree,Disagree,Disagree,Disagree,Strongly Disagree,Disagree,Disagree,Disagree,Agree,Agree,0,1,0,2,2,0,0,3,3,1
2026-03-11T09:35:01.165Z,22,40-50 years,Male,0-3 years,Madhavaram,Full time,Senior Software Developer,No,,,0,10,1,0,2,1,3,0,2,1,3,0,Agree,Agree,Disagree,Disagree,Agree,Disagree,Agree,Disagree,Agree,Agree,2,3,0,0,1,1,0,0,3,1
2026-03-11T10:17:28.778Z,6,20-30 years,Male,3-6 years,Kovilpatti,Full time,Software Engineer,No,,,0,10,3,3,2,3,3,0,1,3,1,3,Disagree,Disagree,Agree,Agree,Agree,Disagree,Agree,Disagree,Agree,Disagree,0,1,2,2,2,0,0,0,2,1
2026-03-11T11:12:54.833Z,2,20-30 years,Male,3-6 years,Hsr layout,Full time,Lead Engineer ,No,,,0,10,1,1,2,1,2,0,3,1,3,2,Disagree,Strongly Disagree,Disagree,Agree,Disagree,Agree,Agree,Disagree,Agree,Agree,0,0,0,2,0,0,2,0,1,0
2026-03-11T11:39:32.353Z,2,30-40 years,Male,10-15 years,Jp nagar ,Full time,Software engineer ,Yes,"Cleaning (Scaling), Deep cleaning (Root planing)",,0,10,0,1,2,0,3,0,2,1,0,3,Strongly Disagree,Strongly Disagree,Strongly Disagree,Strongly Disagree,Strongly Disagree,Disagree,Strongly Disagree,Strongly Disagree,Strongly Disagree,Strongly Disagree,0,3,0,2,1,0,2,0,1,1
2026-03-11T12:03:57.058Z,4,30-40 years,Female,6-10 years,Shanti Nagar ,Full time,Sr ML Engineer ,No,,,0,10,2,0,2,1,3,0,0,1,3,2,Strongly Agree,Strongly Agree,Agree,Agree,Strongly Disagree,Strongly Agree,Strongly Agree,Strongly Disagree,Agree,Strongly Agree,0,1,0,2,2,1,3,1,1,2
2026-03-11T12:56:52.249Z,6,20-30 years,Female,3-6 years,Bellandur,Full time,Associate,No,,,0,10,1,0,2,0,3,0,2,0,3,2,Disagree,Strongly Agree,Disagree,Strongly Agree,Disagree,Agree,Agree,Disagree,Agree,Disagree,0,3,1,2,1,1,0,0,1,1
2026-03-11T13:47:25.778Z,5,40-50 years,Male,15+ years,Thanjavur ,Full time,Senior engineer ,Yes,Deep cleaning (Root planing),,0,10,0,0,2,1,2,0,3,0,0,0,Strongly Disagree,Strongly Disagree,Strongly Disagree,Strongly Disagree,Strongly Disagree,Strongly Disagree,Strongly Disagree,Strongly Disagree,Strongly Disagree,Strongly Disagree,2,2,0,0,0,0,0,0,1,1
2026-03-11T14:53:02.923Z,9,20-30 years,Male,0-3 years,Bengaluru,Full time,Consultant,No,,,0,10,1,2,1,0,3,1,2,3,1,2,Agree,Agree,Disagree,Agree,Agree,Disagree,Agree,Agree,Disagree,Agree,0,0,0,2,1,0,0,1,0,1
2026-03-11T15:23:49.751Z,4,20-30 years,Female,6-10 years,Chennai,Full time,Senior Specialist,No,,,0,10,1,3,2,1,3,0,2,1,3,2,Disagree,Disagree,Agree,Agree,Disagree,Agree,Agree,Disagree,Disagree,Agree,0,0,0,0,1,0,0,0,3,1
2026-03-11T16:22:19.655Z,18,20-30 years,Male,0-3 years,Jp Nagar,Full time,Audit Inspector,Yes,Deep cleaning (Root planing),,0,10,2,3,3,2,3,0,1,1,3,2,Strongly Agree,Strongly Agree,Agree,Strongly Agree,Agree,Agree,Agree,Disagree,Disagree,Agree,2,3,1,0,1,1,2,3,1,1
2026-03-11T16:46:04.202Z,5,20-30 years,Male,0-3 years,Bangalore ,Full time,Software Engineer,No,,,0,10,1,0,2,3,3,0,2,1,3,0,Strongly Disagree,Strongly Agree,Agree,Strongly Agree,Agree,Strongly Agree,Agree,Agree,Agree,Strongly Agree,2,3,0,0,1,0,1,0,1,1
2026-03-11T17:36:53.730Z,6,40-50 years,Male,0-3 years,Madhavaram,Full time,Senior Software Developer,No,,,0,10,1,0,2,1,3,0,2,1,3,0,Agree,Agree,Disagree,Disagree,Disagree,Disagree,Agree,Disagree,Agree,Agree,2,3,0,0,1,1,0,0,3,1
2026-03-11T18:30:31.422Z,34,30-40 years,Male,6-10 years,Bangalore ,Full time,"Manager, Sales Development Representative",No,,,0,10,2,0,2,2,3,0,0,1,3,2,Agree,Agree,Agree,Agree,Agree,Agree,Agree,Disagree,Disagree,Agree,0,3,2,2,1,0,3,0,2,1
2026-03-11T18:49:26.015Z,5,30-40 years,Male,6-10 years,Bengaluru,Full time,Senior engineer ,No,,,0,10,0,0,2,1,3,0,2,0,3,2,Disagree,Agree,Disagree,Disagree,Disagree,Disagree,Disagree,Disagree,Disagree,Disagree,2,2,2,0,1,1,0,0,3,0
2026-03-11T19:30:31.697Z,15,20-30 years,Male,3-6 years,Salem ,Full time,Pursuing MDS,No,,,0,10,1,0,2,0,3,0,2,1,3,2,Disagree,Agree,Disagree,Agree,Disagree,Agree,Agree,Disagree,Agree,Agree,0,0,0,2,1,0,2,0,1,1
2026-03-11T20:07:55.301Z,7,20-30 years,Female,3-6 years,"Harlur,Bangalore ",Work from home (Remote),Developer ,No,,,0,10,0,2,2,3,3,0,1,3,0,0,Agree,Agree,Agree,Agree,Agree,Agree,Agree,Agree,Disagree,Agree,2,1,0,2,2,0,0,0,0,1
2026-03-11T20:46:11.242Z,7,20-30 years,Male,0-3 years,Jp Nagar,Full time,Consultant- 1,No,,,0,10,1,3,2,0,3,0,0,0,3,2,Strongly Agree,Strongly Agree,Agree,Strongly Agree,Strongly Disagree,Strongly Agree,Disagree,Strongly Disagree,Strongly Agree,Strongly Agree,2,0,0,0,1,1,0,0,1,1
2026-03-11T21:34:00.078Z,7,20-30 years,Male,3-6 years,Chennai ,Full time,Automation engineer ,No,,,0,10,2,1,2,1,3,0,3,3,0,1,Disagree,Disagree,Strongly Agree,Agree,Agree,Disagree,Agree,Agree,Disagree,Agree,0,0,0,2,1,0,0,0,3,3
2026-03-11T22:28:50.673Z,8,20-30 years,Male,3-6 years,Bangalore ,Full time,Manager,No,,,0,10,0,2,2,1,3,0,2,1,3,0,Strongly Agree,Agree,Agree,Strongly Agree,Disagree,Agree,Agree,Strongly Disagree,Agree,Strongly Agree,2,0,2,2,1,0,1,3,1,1
2026-03-11T23:31:37.947Z,144,20-30 years,Female,6-10 years,Chennai,Full time,Project manager ,No,,,0,10,1,3,2,1,3,0,2,1,3,2,Agree,Disagree,Agree,Agree,Disagree,Agree,Agree,Disagree,Disagree,Agree,0,0,0,0,1,0,0,0,3,1
2026-03-12T00:01:13.428Z,8,30-40 years,Female,6-10 years,Bangalore,Full time,MTS,No,,,0,10,0,0,3,1,3,2,2,0,0,2,Agree,Agree,Agree,Agree,Agree,Agree,Agree,Agree,Agree,Agree,0,2,0,3,2,3,0,3,3,3
